The.Avengers.2012.DVDRip.XviD-NYDIC,1.15 GiB (1231734066 Bytes)
Fast And Furious 6 2013 CAM x264-PLAYNOW,1.15 GiB (1238182247 Bytes)
Epic.2013.TS.XviD.MP3-MiLLENiUM,1.17 GiB (1252663913 Bytes)
Dead.Man.Down.2013.R3.DVDRIp.XviD-AQOS,1.17 GiB (1258570974 Bytes)
Hansel and Gretel Witch Hunters 2013 DVDRip XviD AC3-NYDIC,1.21 GiB (1297667275 Bytes)
Summoned.2013.DVDRip.XviD.AC3-W00D,1.21 GiB (1298565299 Bytes)
Oz the Great and Powerful 2013 BRRip x264-PLAYNOW,1.24 GiB (1328953807 Bytes)
Life.of.Pi.2012.DVDSCR,1.25 GiB (1337461576 Bytes)
The Hangover Part 3 2013 TS Xvid Mp3-SUFFiCE,1.25 GiB (1341636889 Bytes)
Gangster Squad (2013) DVDRip XviD-MAX,1.31 GiB (1406835394 Bytes)
21 and Over 2013 HDRip XVID AC3 5 1 HQ Hive-CM8,1.32 GiB (1412874806 Bytes)
After.Earth.2013.CAM.XVID-Snake,1.33 GiB (1429139809 Bytes)
Star.Trek.Into.Darkness.2013.CAM.XviD-Lum1x,1.34 GiB (1433645409 Bytes)
Taken.2.2012.DVDRIP.XVID.AC3.5.1-HS,1.36 GiB (1455417665 Bytes)
The.Twilight.Saga.Breaking.Dawn.Part.2.2012.DVDRip.XviD-GECKOS,1.36 GiB (1463728777 Bytes)
Skyfall.2012.DVDRip.XviD-SPARKS,1.36 GiB (1463736909 Bytes)
Snitch 2013 BDRip XviD-AN0NYM0US,1.37 GiB (1467038922 Bytes)
Parental Guidance 2012 DVDRip XviD-SPARKS,1.37 GiB (1467342848 Bytes)
The.Guilt.Trip.2012.480p.BRRip.XviD.AC3-PTpOWeR,1.37 GiB (1470862503 Bytes)
Ted 2012 DVDRiP XViD AC3-PSiG,1.37 GiB (1472120832 Bytes)
Total.Recall.2012.DVDRip.XviD-Lum1x,1.37 GiB (1472491873 Bytes)
Fast and Furious 5 Fast Five (2011) DVDRip XviD-MAX,1.37 GiB (1473180473 Bytes)
Oz the Great and Powerful 2013 TS x264 AAC-OFFLiNE,1.37 GiB (1474343713 Bytes)
The.Place.Beyond.the.Pines.2012.DVDSCR.XviD.AC3-PTpOWeR,1.38 GiB (1476553977 Bytes)
Argo.2012.DVDSCR.XviD-WTF,1.38 GiB (1480841784 Bytes)
Chosen 2013 DVDRip XViD-VH-PROD,1.38 GiB (1485162615 Bytes)
A.Haunted.House.2013.DVDRiP.AC3-5.1.XviD-AXED,1.38 GiB (1485717283 Bytes)
The Hangover Part III R6 2013 XViD UNiQUE,1.38 GiB (1486176595 Bytes)
Pitch.Perfect.2012.DVDRip.XviD-SPARKS,1.39 GiB (1489321155 Bytes)
G.I. Joe Retaliation 2013 TS NEWSOURCE XViD-sC0rp,1.39 GiB (1491141919 Bytes)
Mama.2013.DVDRiP.AC3-5.1.XviD-AXED,1.41 GiB (1519027678 Bytes)
Bullet To The Head 2013 DVDRip x264 AC3-FooKaS,1.45 GiB (1554927264 Bytes)
The Last Stand 2013 HDRip XviD-Lum1x,1.46 GiB (1568419840 Bytes)
Oblivion.2013.HDCam.FOX,1.47 GiB (1575995392 Bytes)
The Hangover 2 (2011) DVDRip XviD-MAX,1.47 GiB (1581829482 Bytes)
Prometheus 2012 DVDRip XViD AC3-REFiLL,1.49 GiB (1597910035 Bytes)
Now.You.See.Me.2013.NEW.CAM.READNFO.XViD-FANTA,1.55 GiB (1663026969 Bytes)
Pain.and.Gain.2013.CAM.READ.INFO.x264-26K,1.55 GiB (1668362598 Bytes)
Wreck.It.Ralph.2012.DVDSCR.XViD.AC3-LEGi0N,1.57 GiB (1686041493 Bytes)
Oz the Great and Powerful (2013) DVDRip XviD-MAX,1.61 GiB (1730060913 Bytes)
Killing Them Softly 2012 DVDRip XviD AC3-nLiBRA,1.62 GiB (1735421165 Bytes)
The Great Gatsby 2013 TS XviD MP3 MiLLENiUM,1.64 GiB (1760202978 Bytes)
This Is 40 2012 DVD Screener Xvid UnKnOwN,1.68 GiB (1799306506 Bytes)
Star.Trek.Into.Darkness.2013.TS.XVID.AC3.HQ.Hive-CM8,1.69 GiB (1816010140 Bytes)
Silver.Linings.Playbook.2012.DVDRIP-EDAW2013,1.6 GiB (1717213687 Bytes)
Dead.Man.Down.2013.DVDRip.XVID.AC3.HQ.Hive-CM8,1.73 GiB (1855127780 Bytes)
Iron.Man.3.2013.R6.HDScr.LINE.NoSUBS.NoBLURS.XViD.AC3.HQ.Hive-CM,1.81 GiB (1943266482 Bytes)
Jack.Reacher.2012.480p.BRRip.XViD.AC3-NYDIC,1.82 GiB (1957556675 Bytes)
Iron Man 3 2013 R6 LiNE READNFO XViD - JUSTiCE,1.86 GiB (1997224412 Bytes)
Fast.And.Furious.6.2013.CAM.XviD-NYDIC,1001.87 MiB (1050540613 Bytes)
Fast And Furious 6 2013 TS Xvid Mp3-KingStoner,1021.42 MiB (1071035723 Bytes)
The Dark Knight Rises (2012) DVDRip XviD-MAX,2.06 GiB (2212301993 Bytes)
Looper 2012 DVDRip AC3 XViD-RemixHD,2.07 GiB (2224643757 Bytes)
Les.Miserables.2012.DVDSCR-EDAW2013,2.31 GiB (2481432009 Bytes)
The.Hobbit.2012.DVDScr.XVID.AC3.HQ.Hive-CM8,2.36 GiB (2532545930 Bytes)
Zero.Dark.Thirty.2012.DVDSCR.Xvid.Ac3-ADTRG,2.38 GiB (2556279137 Bytes)
Django Unchained 2012 DVDSCR X264 AAC-P2P,2.48 GiB (2663538375 Bytes)
Lincoln.2012.DVDSCR.XViD.AC3-FooKaS,2.58 GiB (2765855653 Bytes)
Hansel.and.Gretel.Witch.Hunters.2013.DVDRip.XviD-P2P,613.76 MiB (643577190 Bytes)
NOW YOU SEE ME {2013} NEWCAM-MURDER,662.24 MiB (694405011 Bytes)
Scary.Movie.5.2013.WEB-DL.CAM.AUDiO.XviD-BiDA,698.15 MiB (732067471 Bytes)
The.Last.Exorcism.Part.II.2013.UNRATED.BRRip.XviD-3LT0N,699.33 MiB (733296221 Bytes)
The.Incredible.Burt.Wonderstone.2013.BRRip.XviD-3LT0N,699.84 MiB (733836849 Bytes)
Dead Man Down 2013 FRENCH DVDRiP MD REPACK XViD,699.93 MiB (733932514 Bytes)
Absolute.Deception.2013.WEBRip XViD juggs,701.2 MiB (735264455 Bytes)
Rise.of.the.Guardians.2012.DVDSCR.LiNE.XViD-sC0rp,701.44 MiB (735515321 Bytes)
Dragon.Lore.Curse.Of.The.Shadow.2013.BRRip.XviD-playXD,702.18 MiB (736288231 Bytes)
A.Good.Day.To.Die.Hard 2013.RERiP.EXT.FRENCH.BRRip.XviD,703.56 MiB (737736396 Bytes)
Assault.on.Wall.Street.2013.HDRip.XviD-S4A,703.72 MiB (737908337 Bytes)
Passion.2012.FESTiVAL.DVDRip.XviD-AQOS,703.94 MiB (738133482 Bytes)
Dark Skies 2013 BRRip XviD juggs,703.96 MiB (738154821 Bytes)
Snitch.2013 BRRip XViD juggs,704.18 MiB (738383039 Bytes)
Now You See Me 2013 CAM v2 NEW SOURCE XviD-SUMOTorrent,704.43 MiB (738650263 Bytes)
Beautiful.Creatures.2013.BRRip.XviD-S4A,704.49 MiB (738709631 Bytes)
Movie.43.2013.DVDRip.XviD-3LT0N,704.6 MiB (738831555 Bytes)
Jack.the.Giant.Slayer.2013.BRRip.XviD-S4A,705.79 MiB (740078817 Bytes)
Absolute.Deception.2013.DVDRip.XviD-PTpOWeR,706.54 MiB (740859233 Bytes)
Parker.2013.BRRip.XviD-S4A,706.63 MiB (740955979 Bytes)
No.One.Lives.2012.BRRip.XviD-ViP3R,706.83 MiB (741168490 Bytes)
Rapture Palooza 2013 WEBRip XViD juggs,706.8 MiB (741129401 Bytes)
The.Perks.Of.Being.A.Wallflower.2012.DVDSCR.XviD-ViP3R,707.28 MiB (741635829 Bytes)
The Dictator 2012 UNRATED BDRip XviD-AMIABLE,707.4 MiB (741758864 Bytes)
Warm Bodies 2013 WEBRip XViD juggs,708.28 MiB (742689817 Bytes)
Project X 2012 DVDRip XviD-AMIABLE,708.41 MiB (742816794 Bytes)
3 Geezers 2013 BRRip XViD juggs,708.5 MiB (742916799 Bytes)
Hatchet.III.2013.SCREENER.ReadNfo.AC3-2.0.XviD-AXED,708.78 MiB (743206522 Bytes)
The Call 2013 R5 LiNE XviD-AQOS,709.36 MiB (743817475 Bytes)
A Good Day to Die Hard 2013 WEBRip XViD juggs,711.01 MiB (745548027 Bytes)
Identity.Thief.2013.READNFO.HDRip.XviD-HELLRAZ0R,713.75 MiB (748422156 Bytes)
Stoker 2013 HDRip XviD-AQOS,725.8 MiB (761060114 Bytes)
Hammer.of.the.Gods.2013.HDRip.XviD-AQOS,727.43 MiB (762770676 Bytes)
Now You See Me 2013 CAM READNFO XviD-SUMOTorrent,727.45 MiB (762783094 Bytes)
The.Hangover.Part.III.CAM.XVID-Snake,731.7 MiB (767238497 Bytes)
12 Rounds 2 Reloaded 2013 HDRip XviD.AQOS,744.54 MiB (780712000 Bytes)
Amen (2013) Malayalam Movie DVDRip XviD - Exclusive,771.23 MiB (808691931 Bytes)
The.Host.2013.HDRip.XviD-S4A,800.29 MiB (839166459 Bytes)
Phantom 2013 HDRip XviD-AQOS,809.12 MiB (848423056 Bytes)
Yeh Jawaani Hai Deewani (2013) Hindi DvDScr XviD xRG,899.35 MiB (943039579 Bytes)
Yamla Pagla Deewana 2 2013 Hindi DvDScr Xvid Ac3...Hon3y,907.28 MiB (951350952 Bytes)
